mean_fit_time,std_fit_time,mean_score_time,std_score_time,param_max_depth,param_max_features,param_min_samples_leaf,param_min_samples_split,param_n_estimators,params,split0_test_score,split1_test_score,mean_test_score,std_test_score,rank_test_score,split0_train_score,split1_train_score,mean_train_score,std_train_score
0.04234015941619873,6.556510925292969e-06,0.003741025924682617,6.794929504394531e-05,3,sqrt,1,2,50,"{'max_depth': 3, 'max_features': 'sqrt', 'min_samples_leaf': 1, 'min_samples_split': 2, 'n_estimators': 50}",1.0,0.75,0.875,0.125,1,1.0,1.0,1.0,0.0
0.040010690689086914,0.001195669174194336,0.0034265518188476562,8.106231689453125e-05,10,log2,2,5,50,"{'max_depth': 10, 'max_features': 'log2', 'min_samples_leaf': 2, 'min_samples_split': 5, 'n_estimators': 50}",1.0,0.75,0.875,0.125,1,0.75,1.0,0.875,0.125
0.16538190841674805,0.00723576545715332,0.011899352073669434,0.0038083791732788086,10,log2,2,2,200,"{'max_depth': 10, 'max_features': 'log2', 'min_samples_leaf': 2, 'min_samples_split': 2, 'n_estimators': 200}",1.0,0.75,0.875,0.125,1,0.75,1.0,0.875,0.125
0.09366679191589355,0.00299072265625,0.005455136299133301,0.00041091442108154297,10,log2,2,2,100,"{'max_depth': 10, 'max_features': 'log2', 'min_samples_leaf': 2, 'min_samples_split': 2, 'n_estimators': 100}",1.0,0.75,0.875,0.125,1,0.75,1.0,0.875,0.125
0.051378488540649414,0.0036704540252685547,0.0034006834030151367,6.318092346191406e-06,10,log2,2,2,50,"{'max_depth': 10, 'max_features': 'log2', 'min_samples_leaf': 2, 'min_samples_split': 2, 'n_estimators': 50}",1.0,0.75,0.875,0.125,1,0.75,1.0,0.875,0.125
0.16798508167266846,0.0017150640487670898,0.008395791053771973,0.00010645389556884766,10,log2,1,5,200,"{'max_depth': 10, 'max_features': 'log2', 'min_samples_leaf': 1, 'min_samples_split': 5, 'n_estimators': 200}",1.0,0.75,0.875,0.125,1,0.75,1.0,0.875,0.125
0.08435392379760742,0.0017440319061279297,0.005189657211303711,0.00023937225341796875,10,log2,1,5,100,"{'max_depth': 10, 'max_features': 'log2', 'min_samples_leaf': 1, 'min_samples_split': 5, 'n_estimators': 100}",1.0,0.75,0.875,0.125,1,0.75,1.0,0.875,0.125
0.0539628267288208,0.0001691579818725586,0.0057381391525268555,7.37905502319336e-05,10,log2,1,5,50,"{'max_depth': 10, 'max_features': 'log2', 'min_samples_leaf': 1, 'min_samples_split': 5, 'n_estimators': 50}",1.0,0.75,0.875,0.125,1,0.75,1.0,0.875,0.125
0.17208755016326904,0.0039130449295043945,0.008963942527770996,0.0005878210067749023,10,log2,1,2,200,"{'max_depth': 10, 'max_features': 'log2', 'min_samples_leaf': 1, 'min_samples_split': 2, 'n_estimators': 200}",1.0,0.75,0.875,0.125,1,1.0,1.0,1.0,0.0
0.08346784114837646,0.002197861671447754,0.00502932071685791,0.0001386404037475586,10,log2,1,2,100,"{'max_depth': 10, 'max_features': 'log2', 'min_samples_leaf': 1, 'min_samples_split': 2, 'n_estimators': 100}",1.0,0.75,0.875,0.125,1,1.0,1.0,1.0,0.0
0.08362770080566406,0.00040984153747558594,0.005108475685119629,2.5033950805664062e-06,10,log2,2,5,100,"{'max_depth': 10, 'max_features': 'log2', 'min_samples_leaf': 2, 'min_samples_split': 5, 'n_estimators': 100}",1.0,0.75,0.875,0.125,1,0.75,1.0,0.875,0.125
0.038194894790649414,0.0001289844512939453,0.0032731294631958008,0.00011050701141357422,10,log2,1,2,50,"{'max_depth': 10, 'max_features': 'log2', 'min_samples_leaf': 1, 'min_samples_split': 2, 'n_estimators': 50}",1.0,0.75,0.875,0.125,1,1.0,1.0,1.0,0.0
0.08732354640960693,0.004751324653625488,0.00556635856628418,6.127357482910156e-05,10,sqrt,2,5,100,"{'max_depth': 10, 'max_features': 'sqrt', 'min_samples_leaf': 2, 'min_samples_split': 5, 'n_estimators': 100}",1.0,0.75,0.875,0.125,1,0.75,1.0,0.875,0.125
0.04627227783203125,0.0004942417144775391,0.003372669219970703,5.7220458984375e-05,10,sqrt,2,5,50,"{'max_depth': 10, 'max_features': 'sqrt', 'min_samples_leaf': 2, 'min_samples_split': 5, 'n_estimators': 50}",1.0,0.75,0.875,0.125,1,0.75,1.0,0.875,0.125
0.17635536193847656,0.001577615737915039,0.008828997611999512,1.4901161193847656e-05,10,sqrt,2,2,200,"{'max_depth': 10, 'max_features': 'sqrt', 'min_samples_leaf': 2, 'min_samples_split': 2, 'n_estimators': 200}",1.0,0.75,0.875,0.125,1,0.75,1.0,0.875,0.125
0.08857834339141846,0.0024286508560180664,0.0052928924560546875,3.0994415283203125e-06,10,sqrt,2,2,100,"{'max_depth': 10, 'max_features': 'sqrt', 'min_samples_leaf': 2, 'min_samples_split': 2, 'n_estimators': 100}",1.0,0.75,0.875,0.125,1,0.75,1.0,0.875,0.125
0.03900480270385742,0.00034618377685546875,0.00328671932220459,3.445148468017578e-05,10,sqrt,2,2,50,"{'max_depth': 10, 'max_features': 'sqrt', 'min_samples_leaf': 2, 'min_samples_split': 2, 'n_estimators': 50}",1.0,0.75,0.875,0.125,1,0.75,1.0,0.875,0.125
0.1838301420211792,0.022705674171447754,0.008725881576538086,0.00012040138244628906,10,sqrt,1,5,200,"{'max_depth': 10, 'max_features': 'sqrt', 'min_samples_leaf': 1, 'min_samples_split': 5, 'n_estimators': 200}",1.0,0.75,0.875,0.125,1,0.75,1.0,0.875,0.125
0.09256875514984131,0.007112383842468262,0.005905270576477051,0.00016129016876220703,10,sqrt,1,5,100,"{'max_depth': 10, 'max_features': 'sqrt', 'min_samples_leaf': 1, 'min_samples_split': 5, 'n_estimators': 100}",1.0,0.75,0.875,0.125,1,0.75,1.0,0.875,0.125
0.050498127937316895,0.0002466440200805664,0.0034257173538208008,4.8041343688964844e-05,10,sqrt,1,5,50,"{'max_depth': 10, 'max_features': 'sqrt', 'min_samples_leaf': 1, 'min_samples_split': 5, 'n_estimators': 50}",1.0,0.75,0.875,0.125,1,0.75,1.0,0.875,0.125
0.17189037799835205,0.004765152931213379,0.008273601531982422,0.00022840499877929688,10,sqrt,1,2,200,"{'max_depth': 10, 'max_features': 'sqrt', 'min_samples_leaf': 1, 'min_samples_split': 2, 'n_estimators': 200}",1.0,0.75,0.875,0.125,1,1.0,1.0,1.0,0.0
0.17760074138641357,0.008092284202575684,0.009024381637573242,5.6743621826171875e-05,10,sqrt,2,5,200,"{'max_depth': 10, 'max_features': 'sqrt', 'min_samples_leaf': 2, 'min_samples_split': 5, 'n_estimators': 200}",1.0,0.75,0.875,0.125,1,0.75,1.0,0.875,0.125
0.08715498447418213,0.0011752843856811523,0.005199432373046875,5.650520324707031e-05,10,sqrt,1,2,100,"{'max_depth': 10, 'max_features': 'sqrt', 'min_samples_leaf': 1, 'min_samples_split': 2, 'n_estimators': 100}",1.0,0.75,0.875,0.125,1,1.0,1.0,1.0,0.0
0.16957402229309082,0.00024962425231933594,0.008719325065612793,0.00018918514251708984,10,log2,2,5,200,"{'max_depth': 10, 'max_features': 'log2', 'min_samples_leaf': 2, 'min_samples_split': 5, 'n_estimators': 200}",1.0,0.75,0.875,0.125,1,0.75,1.0,0.875,0.125
0.09244954586029053,0.003906846046447754,0.005465030670166016,0.0002701282501220703,15,sqrt,1,2,100,"{'max_depth': 15, 'max_features': 'sqrt', 'min_samples_leaf': 1, 'min_samples_split': 2, 'n_estimators': 100}",1.0,0.75,0.875,0.125,1,1.0,1.0,1.0,0.0
0.046100616455078125,0.0014925003051757812,0.0034286975860595703,3.838539123535156e-05,15,log2,2,5,50,"{'max_depth': 15, 'max_features': 'log2', 'min_samples_leaf': 2, 'min_samples_split': 5, 'n_estimators': 50}",1.0,0.75,0.875,0.125,1,0.75,1.0,0.875,0.125
0.15770792961120605,0.0038328170776367188,0.008586287498474121,0.00012004375457763672,15,log2,2,2,200,"{'max_depth': 15, 'max_features': 'log2', 'min_samples_leaf': 2, 'min_samples_split': 2, 'n_estimators': 200}",1.0,0.75,0.875,0.125,1,0.75,1.0,0.875,0.125
0.08462989330291748,0.000502467155456543,0.005211234092712402,8.952617645263672e-05,15,log2,2,2,100,"{'max_depth': 15, 'max_features': 'log2', 'min_samples_leaf': 2, 'min_samples_split': 2, 'n_estimators': 100}",1.0,0.75,0.875,0.125,1,0.75,1.0,0.875,0.125
0.04156780242919922,0.0033240318298339844,0.003584742546081543,0.0003401041030883789,15,log2,2,2,50,"{'max_depth': 15, 'max_features': 'log2', 'min_samples_leaf': 2, 'min_samples_split': 2, 'n_estimators': 50}",1.0,0.75,0.875,0.125,1,0.75,1.0,0.875,0.125
0.16381573677062988,0.0002949237823486328,0.008521318435668945,0.00022459030151367188,15,log2,1,5,200,"{'max_depth': 15, 'max_features': 'log2', 'min_samples_leaf': 1, 'min_samples_split': 5, 'n_estimators': 200}",1.0,0.75,0.875,0.125,1,0.75,1.0,0.875,0.125
0.08478164672851562,0.003011941909790039,0.005636096000671387,0.0002721548080444336,15,log2,1,5,100,"{'max_depth': 15, 'max_features': 'log2', 'min_samples_leaf': 1, 'min_samples_split': 5, 'n_estimators': 100}",1.0,0.75,0.875,0.125,1,0.75,1.0,0.875,0.125
0.038779377937316895,0.00014722347259521484,0.003513932228088379,5.8531761169433594e-05,15,log2,1,5,50,"{'max_depth': 15, 'max_features': 'log2', 'min_samples_leaf': 1, 'min_samples_split': 5, 'n_estimators': 50}",1.0,0.75,0.875,0.125,1,0.75,1.0,0.875,0.125
0.16541314125061035,0.009137392044067383,0.008606195449829102,0.0004181861877441406,15,log2,1,2,200,"{'max_depth': 15, 'max_features': 'log2', 'min_samples_leaf': 1, 'min_samples_split': 2, 'n_estimators': 200}",1.0,0.75,0.875,0.125,1,1.0,1.0,1.0,0.0
0.0845332145690918,0.0011882781982421875,0.00506591796875,0.0001773834228515625,15,log2,1,2,100,"{'max_depth': 15, 'max_features': 'log2', 'min_samples_leaf': 1, 'min_samples_split': 2, 'n_estimators': 100}",1.0,0.75,0.875,0.125,1,1.0,1.0,1.0,0.0
0.04725050926208496,0.0024497509002685547,0.003377556800842285,0.00024378299713134766,15,sqrt,1,2,50,"{'max_depth': 15, 'max_features': 'sqrt', 'min_samples_leaf': 1, 'min_samples_split': 2, 'n_estimators': 50}",1.0,0.75,0.875,0.125,1,1.0,1.0,1.0,0.0
0.046057820320129395,0.005430817604064941,0.007529258728027344,0.004227161407470703,15,log2,1,2,50,"{'max_depth': 15, 'max_features': 'log2', 'min_samples_leaf': 1, 'min_samples_split': 2, 'n_estimators': 50}",1.0,0.75,0.875,0.125,1,1.0,1.0,1.0,0.0
0.08923804759979248,0.005221009254455566,0.005429863929748535,0.0004400014877319336,15,sqrt,2,5,100,"{'max_depth': 15, 'max_features': 'sqrt', 'min_samples_leaf': 2, 'min_samples_split': 5, 'n_estimators': 100}",1.0,0.75,0.875,0.125,1,0.75,1.0,0.875,0.125
0.040738463401794434,0.001160264015197754,0.003426671028137207,4.8995018005371094e-05,15,sqrt,2,5,50,"{'max_depth': 15, 'max_features': 'sqrt', 'min_samples_leaf': 2, 'min_samples_split': 5, 'n_estimators': 50}",1.0,0.75,0.875,0.125,1,0.75,1.0,0.875,0.125
0.1689983606338501,0.011773467063903809,0.014670252799987793,0.005450129508972168,15,sqrt,2,2,200,"{'max_depth': 15, 'max_features': 'sqrt', 'min_samples_leaf': 2, 'min_samples_split': 2, 'n_estimators': 200}",1.0,0.75,0.875,0.125,1,0.75,1.0,0.875,0.125
0.08533000946044922,0.005089998245239258,0.005513787269592285,0.0002371072769165039,15,sqrt,2,2,100,"{'max_depth': 15, 'max_features': 'sqrt', 'min_samples_leaf': 2, 'min_samples_split': 2, 'n_estimators': 100}",1.0,0.75,0.875,0.125,1,0.75,1.0,0.875,0.125
0.04961371421813965,0.0013740062713623047,0.00321042537689209,6.711483001708984e-05,15,sqrt,2,2,50,"{'max_depth': 15, 'max_features': 'sqrt', 'min_samples_leaf': 2, 'min_samples_split': 2, 'n_estimators': 50}",1.0,0.75,0.875,0.125,1,0.75,1.0,0.875,0.125
0.16715681552886963,0.0006078481674194336,0.008488893508911133,0.0004317760467529297,15,sqrt,1,5,200,"{'max_depth': 15, 'max_features': 'sqrt', 'min_samples_leaf': 1, 'min_samples_split': 5, 'n_estimators': 200}",1.0,0.75,0.875,0.125,1,0.75,1.0,0.875,0.125
0.08691954612731934,0.0031588077545166016,0.0050591230392456055,7.271766662597656e-06,15,sqrt,1,5,100,"{'max_depth': 15, 'max_features': 'sqrt', 'min_samples_leaf': 1, 'min_samples_split': 5, 'n_estimators': 100}",1.0,0.75,0.875,0.125,1,0.75,1.0,0.875,0.125
0.043685078620910645,0.002547144889831543,0.0032824277877807617,5.638599395751953e-05,15,sqrt,1,5,50,"{'max_depth': 15, 'max_features': 'sqrt', 'min_samples_leaf': 1, 'min_samples_split': 5, 'n_estimators': 50}",1.0,0.75,0.875,0.125,1,0.75,1.0,0.875,0.125
0.1652662754058838,0.003430604934692383,0.01242530345916748,0.004339814186096191,15,sqrt,1,2,200,"{'max_depth': 15, 'max_features': 'sqrt', 'min_samples_leaf': 1, 'min_samples_split': 2, 'n_estimators': 200}",1.0,0.75,0.875,0.125,1,1.0,1.0,1.0,0.0
0.166528582572937,0.012698531150817871,0.01222693920135498,0.0005747079849243164,15,sqrt,2,5,200,"{'max_depth': 15, 'max_features': 'sqrt', 'min_samples_leaf': 2, 'min_samples_split': 5, 'n_estimators': 200}",1.0,0.75,0.875,0.125,1,0.75,1.0,0.875,0.125
0.04430437088012695,0.0018715858459472656,0.006510615348815918,0.003224015235900879,10,sqrt,1,2,50,"{'max_depth': 10, 'max_features': 'sqrt', 'min_samples_leaf': 1, 'min_samples_split': 2, 'n_estimators': 50}",1.0,0.75,0.875,0.125,1,1.0,1.0,1.0,0.0
0.19037604331970215,0.011009454727172852,0.01150357723236084,0.0030862092971801758,5,log2,2,5,200,"{'max_depth': 5, 'max_features': 'log2', 'min_samples_leaf': 2, 'min_samples_split': 5, 'n_estimators': 200}",1.0,0.75,0.875,0.125,1,0.75,1.0,0.875,0.125
0.08585083484649658,0.0012837648391723633,0.006734490394592285,0.0016013383865356445,5,log2,2,5,100,"{'max_depth': 5, 'max_features': 'log2', 'min_samples_leaf': 2, 'min_samples_split': 5, 'n_estimators': 100}",1.0,0.75,0.875,0.125,1,0.75,1.0,0.875,0.125
0.19478285312652588,0.018602728843688965,0.00859987735748291,0.0001310110092163086,3,log2,2,2,200,"{'max_depth': 3, 'max_features': 'log2', 'min_samples_leaf': 2, 'min_samples_split': 2, 'n_estimators': 200}",1.0,0.75,0.875,0.125,1,0.75,1.0,0.875,0.125
0.10529005527496338,0.018135666847229004,0.005267500877380371,0.00025784969329833984,3,log2,2,2,100,"{'max_depth': 3, 'max_features': 'log2', 'min_samples_leaf': 2, 'min_samples_split': 2, 'n_estimators': 100}",1.0,0.75,0.875,0.125,1,0.75,1.0,0.875,0.125
0.04181778430938721,0.0002645254135131836,0.003859877586364746,0.0004652738571166992,3,log2,2,2,50,"{'max_depth': 3, 'max_features': 'log2', 'min_samples_leaf': 2, 'min_samples_split': 2, 'n_estimators': 50}",1.0,0.75,0.875,0.125,1,0.75,1.0,0.875,0.125
0.17656874656677246,0.007495403289794922,0.008945107460021973,0.00020802021026611328,3,log2,1,5,200,"{'max_depth': 3, 'max_features': 'log2', 'min_samples_leaf': 1, 'min_samples_split': 5, 'n_estimators': 200}",1.0,0.75,0.875,0.125,1,0.75,1.0,0.875,0.125
0.08553826808929443,0.0017791986465454102,0.005258798599243164,0.00018453598022460938,3,log2,1,5,100,"{'max_depth': 3, 'max_features': 'log2', 'min_samples_leaf': 1, 'min_samples_split': 5, 'n_estimators': 100}",1.0,0.75,0.875,0.125,1,0.75,1.0,0.875,0.125
0.04952526092529297,0.002070188522338867,0.004895448684692383,0.0007369518280029297,3,log2,1,5,50,"{'max_depth': 3, 'max_features': 'log2', 'min_samples_leaf': 1, 'min_samples_split': 5, 'n_estimators': 50}",1.0,0.75,0.875,0.125,1,0.75,1.0,0.875,0.125
0.17327463626861572,0.0069113969802856445,0.013211727142333984,0.004779338836669922,3,log2,1,2,200,"{'max_depth': 3, 'max_features': 'log2', 'min_samples_leaf': 1, 'min_samples_split': 2, 'n_estimators': 200}",1.0,0.75,0.875,0.125,1,1.0,1.0,1.0,0.0
0.09706032276153564,0.004015803337097168,0.007344603538513184,0.0013478994369506836,3,log2,1,2,100,"{'max_depth': 3, 'max_features': 'log2', 'min_samples_leaf': 1, 'min_samples_split': 2, 'n_estimators': 100}",1.0,0.75,0.875,0.125,1,1.0,1.0,1.0,0.0
0.040215134620666504,0.0007129907608032227,0.0036058425903320312,2.09808349609375e-05,3,log2,1,2,50,"{'max_depth': 3, 'max_features': 'log2', 'min_samples_leaf': 1, 'min_samples_split': 2, 'n_estimators': 50}",1.0,0.75,0.875,0.125,1,1.0,1.0,1.0,0.0
0.04500007629394531,0.002794981002807617,0.00778961181640625,0.0040912628173828125,3,log2,2,5,50,"{'max_depth': 3, 'max_features': 'log2', 'min_samples_leaf': 2, 'min_samples_split': 5, 'n_estimators': 50}",1.0,0.75,0.875,0.125,1,0.75,1.0,0.875,0.125
0.16952848434448242,5.602836608886719e-05,0.009086132049560547,0.0008788108825683594,3,sqrt,2,5,200,"{'max_depth': 3, 'max_features': 'sqrt', 'min_samples_leaf': 2, 'min_samples_split': 5, 'n_estimators': 200}",1.0,0.75,0.875,0.125,1,0.75,1.0,0.875,0.125
0.04343461990356445,0.0016138553619384766,0.0037642717361450195,1.6808509826660156e-05,3,sqrt,2,5,50,"{'max_depth': 3, 'max_features': 'sqrt', 'min_samples_leaf': 2, 'min_samples_split': 5, 'n_estimators': 50}",1.0,0.75,0.875,0.125,1,0.75,1.0,0.875,0.125
0.17427825927734375,0.002854585647583008,0.00938713550567627,0.0005372762680053711,3,sqrt,2,2,200,"{'max_depth': 3, 'max_features': 'sqrt', 'min_samples_leaf': 2, 'min_samples_split': 2, 'n_estimators': 200}",1.0,0.75,0.875,0.125,1,0.75,1.0,0.875,0.125
0.10203123092651367,0.0016100406646728516,0.005545616149902344,5.9604644775390625e-06,3,sqrt,2,2,100,"{'max_depth': 3, 'max_features': 'sqrt', 'min_samples_leaf': 2, 'min_samples_split': 2, 'n_estimators': 100}",1.0,0.75,0.875,0.125,1,0.75,1.0,0.875,0.125
0.04216408729553223,0.0005714893341064453,0.0038260221481323242,1.1563301086425781e-05,3,sqrt,2,2,50,"{'max_depth': 3, 'max_features': 'sqrt', 'min_samples_leaf': 2, 'min_samples_split': 2, 'n_estimators': 50}",1.0,0.75,0.875,0.125,1,0.75,1.0,0.875,0.125
0.17948949337005615,0.016131997108459473,0.009509563446044922,0.0005095005035400391,3,sqrt,1,5,200,"{'max_depth': 3, 'max_features': 'sqrt', 'min_samples_leaf': 1, 'min_samples_split': 5, 'n_estimators': 200}",1.0,0.75,0.875,0.125,1,0.75,1.0,0.875,0.125
0.08705306053161621,0.0011184215545654297,0.006143331527709961,0.0005297660827636719,3,sqrt,1,5,100,"{'max_depth': 3, 'max_features': 'sqrt', 'min_samples_leaf': 1, 'min_samples_split': 5, 'n_estimators': 100}",1.0,0.75,0.875,0.125,1,0.75,1.0,0.875,0.125
0.04460465908050537,5.9485435485839844e-05,0.00379180908203125,3.170967102050781e-05,3,sqrt,1,5,50,"{'max_depth': 3, 'max_features': 'sqrt', 'min_samples_leaf': 1, 'min_samples_split': 5, 'n_estimators': 50}",1.0,0.75,0.875,0.125,1,0.75,1.0,0.875,0.125
0.16609370708465576,0.0025693178176879883,0.009096741676330566,9.047985076904297e-05,3,sqrt,1,2,200,"{'max_depth': 3, 'max_features': 'sqrt', 'min_samples_leaf': 1, 'min_samples_split': 2, 'n_estimators': 200}",1.0,0.75,0.875,0.125,1,1.0,1.0,1.0,0.0
0.08415639400482178,0.0005775690078735352,0.006154775619506836,0.00030612945556640625,3,sqrt,1,2,100,"{'max_depth': 3, 'max_features': 'sqrt', 'min_samples_leaf': 1, 'min_samples_split': 2, 'n_estimators': 100}",1.0,0.75,0.875,0.125,1,1.0,1.0,1.0,0.0
0.08548808097839355,0.003482341766357422,0.005451202392578125,5.53131103515625e-05,3,sqrt,2,5,100,"{'max_depth': 3, 'max_features': 'sqrt', 'min_samples_leaf': 2, 'min_samples_split': 5, 'n_estimators': 100}",1.0,0.75,0.875,0.125,1,0.75,1.0,0.875,0.125
0.08778238296508789,0.002309560775756836,0.005308270454406738,0.0003153085708618164,3,log2,2,5,100,"{'max_depth': 3, 'max_features': 'log2', 'min_samples_leaf': 2, 'min_samples_split': 5, 'n_estimators': 100}",1.0,0.75,0.875,0.125,1,0.75,1.0,0.875,0.125
0.16615557670593262,0.002321004867553711,0.008336305618286133,0.00010800361633300781,3,log2,2,5,200,"{'max_depth': 3, 'max_features': 'log2', 'min_samples_leaf': 2, 'min_samples_split': 5, 'n_estimators': 200}",1.0,0.75,0.875,0.125,1,0.75,1.0,0.875,0.125
0.045612454414367676,0.006455063819885254,0.003768324851989746,0.0002459287643432617,5,sqrt,1,2,50,"{'max_depth': 5, 'max_features': 'sqrt', 'min_samples_leaf': 1, 'min_samples_split': 2, 'n_estimators': 50}",1.0,0.75,0.875,0.125,1,1.0,1.0,1.0,0.0
0.046334028244018555,0.005080461502075195,0.0034395456314086914,5.364418029785156e-06,5,log2,2,5,50,"{'max_depth': 5, 'max_features': 'log2', 'min_samples_leaf': 2, 'min_samples_split': 5, 'n_estimators': 50}",1.0,0.75,0.875,0.125,1,0.75,1.0,0.875,0.125
0.17112493515014648,0.0033721923828125,0.008563876152038574,6.139278411865234e-05,5,log2,2,2,200,"{'max_depth': 5, 'max_features': 'log2', 'min_samples_leaf': 2, 'min_samples_split': 2, 'n_estimators': 200}",1.0,0.75,0.875,0.125,1,0.75,1.0,0.875,0.125
0.08841240406036377,0.002003312110900879,0.005505681037902832,0.00034105777740478516,5,log2,2,2,100,"{'max_depth': 5, 'max_features': 'log2', 'min_samples_leaf': 2, 'min_samples_split': 2, 'n_estimators': 100}",1.0,0.75,0.875,0.125,1,0.75,1.0,0.875,0.125
0.04862356185913086,0.0005185604095458984,0.003690958023071289,0.00023102760314941406,5,log2,2,2,50,"{'max_depth': 5, 'max_features': 'log2', 'min_samples_leaf': 2, 'min_samples_split': 2, 'n_estimators': 50}",1.0,0.75,0.875,0.125,1,0.75,1.0,0.875,0.125
0.16885018348693848,0.0063152313232421875,0.00847470760345459,1.2278556823730469e-05,5,log2,1,5,200,"{'max_depth': 5, 'max_features': 'log2', 'min_samples_leaf': 1, 'min_samples_split': 5, 'n_estimators': 200}",1.0,0.75,0.875,0.125,1,0.75,1.0,0.875,0.125
0.096435546875,0.0032281875610351562,0.00581204891204834,0.00014197826385498047,5,log2,1,5,100,"{'max_depth': 5, 'max_features': 'log2', 'min_samples_leaf': 1, 'min_samples_split': 5, 'n_estimators': 100}",1.0,0.75,0.875,0.125,1,0.75,1.0,0.875,0.125
0.04041028022766113,0.00036835670471191406,0.0033473968505859375,0.0001499652862548828,5,log2,1,5,50,"{'max_depth': 5, 'max_features': 'log2', 'min_samples_leaf': 1, 'min_samples_split': 5, 'n_estimators': 50}",1.0,0.75,0.875,0.125,1,0.75,1.0,0.875,0.125
0.17305076122283936,0.007492423057556152,0.008617043495178223,0.0002981424331665039,5,log2,1,2,200,"{'max_depth': 5, 'max_features': 'log2', 'min_samples_leaf': 1, 'min_samples_split': 2, 'n_estimators': 200}",1.0,0.75,0.875,0.125,1,1.0,1.0,1.0,0.0
0.0905449390411377,0.0019588470458984375,0.005434632301330566,0.00010097026824951172,5,log2,1,2,100,"{'max_depth': 5, 'max_features': 'log2', 'min_samples_leaf': 1, 'min_samples_split': 2, 'n_estimators': 100}",1.0,0.75,0.875,0.125,1,1.0,1.0,1.0,0.0
0.051313042640686035,0.0006259679794311523,0.003692030906677246,2.753734588623047e-05,5,log2,1,2,50,"{'max_depth': 5, 'max_features': 'log2', 'min_samples_leaf': 1, 'min_samples_split': 2, 'n_estimators': 50}",1.0,0.75,0.875,0.125,1,1.0,1.0,1.0,0.0
0.16705477237701416,0.0019439458847045898,0.00917208194732666,0.00038421154022216797,5,sqrt,2,5,200,"{'max_depth': 5, 'max_features': 'sqrt', 'min_samples_leaf': 2, 'min_samples_split': 5, 'n_estimators': 200}",1.0,0.75,0.875,0.125,1,0.75,1.0,0.875,0.125
0.08537328243255615,0.0010739564895629883,0.005170345306396484,5.245208740234375e-06,5,sqrt,2,5,100,"{'max_depth': 5, 'max_features': 'sqrt', 'min_samples_leaf': 2, 'min_samples_split': 5, 'n_estimators': 100}",1.0,0.75,0.875,0.125,1,0.75,1.0,0.875,0.125
0.04042983055114746,0.0002155303955078125,0.0033445358276367188,0.00013208389282226562,5,sqrt,2,5,50,"{'max_depth': 5, 'max_features': 'sqrt', 'min_samples_leaf': 2, 'min_samples_split': 5, 'n_estimators': 50}",1.0,0.75,0.875,0.125,1,0.75,1.0,0.875,0.125
0.1693739891052246,0.007131814956665039,0.013911724090576172,0.005189418792724609,5,sqrt,2,2,200,"{'max_depth': 5, 'max_features': 'sqrt', 'min_samples_leaf': 2, 'min_samples_split': 2, 'n_estimators': 200}",1.0,0.75,0.875,0.125,1,0.75,1.0,0.875,0.125
0.07464003562927246,0.0006318092346191406,0.00500333309173584,0.0002671480178833008,5,sqrt,2,2,100,"{'max_depth': 5, 'max_features': 'sqrt', 'min_samples_leaf': 2, 'min_samples_split': 2, 'n_estimators': 100}",1.0,0.75,0.875,0.125,1,0.75,1.0,0.875,0.125
0.04925060272216797,0.0005819797515869141,0.003571748733520508,0.00019049644470214844,5,sqrt,2,2,50,"{'max_depth': 5, 'max_features': 'sqrt', 'min_samples_leaf': 2, 'min_samples_split': 2, 'n_estimators': 50}",1.0,0.75,0.875,0.125,1,0.75,1.0,0.875,0.125
0.17821168899536133,0.001989603042602539,0.0085676908493042,0.00036776065826416016,5,sqrt,1,5,200,"{'max_depth': 5, 'max_features': 'sqrt', 'min_samples_leaf': 1, 'min_samples_split': 5, 'n_estimators': 200}",1.0,0.75,0.875,0.125,1,0.75,1.0,0.875,0.125
0.08357584476470947,0.000680088996887207,0.005190730094909668,0.0002733469009399414,5,sqrt,1,5,100,"{'max_depth': 5, 'max_features': 'sqrt', 'min_samples_leaf': 1, 'min_samples_split': 5, 'n_estimators': 100}",1.0,0.75,0.875,0.125,1,0.75,1.0,0.875,0.125
0.03858077526092529,0.0005563497543334961,0.006810426712036133,0.0035314559936523438,5,sqrt,1,5,50,"{'max_depth': 5, 'max_features': 'sqrt', 'min_samples_leaf': 1, 'min_samples_split': 5, 'n_estimators': 50}",1.0,0.75,0.875,0.125,1,0.75,1.0,0.875,0.125
0.18009614944458008,0.0099945068359375,0.012579798698425293,0.0006006956100463867,5,sqrt,1,2,200,"{'max_depth': 5, 'max_features': 'sqrt', 'min_samples_leaf': 1, 'min_samples_split': 2, 'n_estimators': 200}",1.0,0.75,0.875,0.125,1,1.0,1.0,1.0,0.0
0.08316707611083984,0.001394510269165039,0.0113525390625,0.0009758472442626953,5,sqrt,1,2,100,"{'max_depth': 5, 'max_features': 'sqrt', 'min_samples_leaf': 1, 'min_samples_split': 2, 'n_estimators': 100}",1.0,0.75,0.875,0.125,1,1.0,1.0,1.0,0.0
0.08801412582397461,0.01017451286315918,0.0054978132247924805,0.0005019903182983398,15,log2,2,5,100,"{'max_depth': 15, 'max_features': 'log2', 'min_samples_leaf': 2, 'min_samples_split': 5, 'n_estimators': 100}",1.0,0.75,0.875,0.125,1,0.75,1.0,0.875,0.125
0.15414035320281982,0.0001817941665649414,0.008278727531433105,0.0002576112747192383,15,log2,2,5,200,"{'max_depth': 15, 'max_features': 'log2', 'min_samples_leaf': 2, 'min_samples_split': 5, 'n_estimators': 200}",1.0,0.75,0.875,0.125,1,0.75,1.0,0.875,0.125
